{
  "classname": null,
  "name": null,
  "animation": {
    "classname": null,
    "name": "AnimationManager",
    "actionlist": []
  },
  "dataScale": 1,
  "designHeight": 640,
  "designWidth": 960,
  "textures": [],
  "version": "1.2.0.0",
  "widgetTree": {
    "classname": "Panel",
    "name": null,
    "children": [
      {
        "classname": "ImageView",
        "name": null,
        "children": [
          {
            "classname": "ImageView",
            "name": null,
            "children": [],
            "options": {
              "__type": "ComGUIImageViewSurrogate:#EditorCommon.JsonModel.Component.GUI",
              "classname": "ImageView",
              "name": "blood_bar1",
              "ZOrder": 1,
              "actiontag": 28,
              "anchorPointX": 0.5,
              "anchorPointY": 0.5,
              "classType": null,
              "colorB": 255,
              "colorG": 255,
              "colorR": 255,
              "flipX": false,
              "flipY": false,
              "height": 29,
              "ignoreSize": true,
              "layoutParameter": null,
              "opacity": 255,
              "positionPercentX": 0.0956023,
              "positionPercentY": 0.160377353,
              "positionType": 0,
              "rotation": 0,
              "scaleX": 1,
              "scaleY": 1,
              "sizePercentX": 0.152963668,
              "sizePercentY": 0.754717,
              "sizeType": 0,
              "tag": 8,
              "touchAble": true,
              "useMergedTexture": false,
              "visible": true,
              "width": 404,
              "x": 50,
              "y": 17,
              "capInsetsHeight": 0,
              "capInsetsWidth": 0,
              "capInsetsX": 0,
              "capInsetsY": 0,
              "fileName": null,
              "fileNameData": {
                "path": "图片1-1.png",
                "plistFile": null,
                "resourceType": 0
              },
              "scale9Enable": false,
              "scale9Height": 29,
              "scale9Width": 404
            }
          },
          {
            "classname": "ImageView",
            "name": null,
            "children": [],
            "options": {
              "__type": "ComGUIImageViewSurrogate:#EditorCommon.JsonModel.Component.GUI",
              "classname": "ImageView",
              "name": "energy_bar1",
              "ZOrder": 2,
              "actiontag": 29,
              "anchorPointX": 0.5,
              "anchorPointY": 0.5,
              "classType": null,
              "colorB": 255,
              "colorG": 255,
              "colorR": 255,
              "flipX": false,
              "flipY": false,
              "height": 29,
              "ignoreSize": true,
              "layoutParameter": null,
              "opacity": 255,
              "positionPercentX": -0.0248565972,
              "positionPercentY": -0.160377353,
              "positionType": 0,
              "rotation": 0,
              "scaleX": 1,
              "scaleY": 1,
              "sizePercentX": 0.152963668,
              "sizePercentY": 0.754717,
              "sizeType": 0,
              "tag": 9,
              "touchAble": true,
              "useMergedTexture": false,
              "visible": true,
              "width": 281,
              "x": -13,
              "y": -17,
              "capInsetsHeight": 0,
              "capInsetsWidth": 0,
              "capInsetsX": 0,
              "capInsetsY": 0,
              "fileName": null,
              "fileNameData": {
                "path": "图片1-2.png",
                "plistFile": null,
                "resourceType": 0
              },
              "scale9Enable": false,
              "scale9Height": 29,
              "scale9Width": 281
            }
          },
          {
            "classname": "ImageView",
            "name": null,
            "children": [],
            "options": {
              "__type": "ComGUIImageViewSurrogate:#EditorCommon.JsonModel.Component.GUI",
              "classname": "ImageView",
              "name": "energy_max1",
              "ZOrder": 2,
              "actiontag": 33,
              "anchorPointX": 0.5,
              "anchorPointY": 0.5,
              "classType": null,
              "colorB": 255,
              "colorG": 255,
              "colorR": 255,
              "flipX": false,
              "flipY": false,
              "height": 81,
              "ignoreSize": true,
              "layoutParameter": null,
              "opacity": 255,
              "positionPercentX": -0.0210325047,
              "positionPercentY": -0.179245278,
              "positionType": 0,
              "rotation": 0,
              "scaleX": 1,
              "scaleY": 0.95,
              "sizePercentX": 0.152963668,
              "sizePercentY": 0.754717,
              "sizeType": 0,
              "tag": 13,
              "touchAble": true,
              "useMergedTexture": false,
              "visible": true,
              "width": 284,
              "x": -11,
              "y": -19,
              "capInsetsHeight": 0,
              "capInsetsWidth": 0,
              "capInsetsX": 0,
              "capInsetsY": 0,
              "fileName": null,
              "fileNameData": {
                "path": "图片1-3.png",
                "plistFile": null,
                "resourceType": 0
              },
              "scale9Enable": false,
              "scale9Height": 81,
              "scale9Width": 284
            }
          },
          {
            "classname": "ImageView",
            "name": null,
            "children": [],
            "options": {
              "__type": "ComGUIImageViewSurrogate:#EditorCommon.JsonModel.Component.GUI",
              "classname": "ImageView",
              "name": "head_1",
              "ZOrder": 2,
              "actiontag": 39,
              "anchorPointX": 0.5,
              "anchorPointY": 0.5,
              "classType": null,
              "colorB": 255,
              "colorG": 255,
              "colorR": 255,
              "flipX": false,
              "flipY": false,
              "height": 95,
              "ignoreSize": true,
              "layoutParameter": null,
              "opacity": 255,
              "positionPercentX": -0.380497128,
              "positionPercentY": 0,
              "positionType": 0,
              "rotation": 0,
              "scaleX": 1,
              "scaleY": 1,
              "sizePercentX": 0.152963668,
              "sizePercentY": 0.754717,
              "sizeType": 0,
              "tag": 11,
              "touchAble": true,
              "useMergedTexture": false,
              "visible": true,
              "width": 111,
              "x": -199,
              "y": 0,
              "capInsetsHeight": 0,
              "capInsetsWidth": 0,
              "capInsetsX": 0,
              "capInsetsY": 0,
              "fileName": null,
              "fileNameData": {
                "path": "head1.png",
                "plistFile": null,
                "resourceType": 0
              },
              "scale9Enable": false,
              "scale9Height": 95,
              "scale9Width": 111
            }
          }
        ],
        "options": {
          "__type": "ComGUIImageViewSurrogate:#EditorCommon.JsonModel.Component.GUI",
          "classname": "ImageView",
          "name": "ImageView_empty_bar1",
          "ZOrder": 1,
          "actiontag": 25,
          "anchorPointX": 0.5,
          "anchorPointY": 0.5,
          "classType": null,
          "colorB": 255,
          "colorG": 255,
          "colorR": 255,
          "flipX": false,
          "flipY": false,
          "height": 106,
          "ignoreSize": true,
          "layoutParameter": null,
          "opacity": 255,
          "positionPercentX": 0.21875,
          "positionPercentY": 0.86875,
          "positionType": 0,
          "rotation": 0,
          "scaleX": 0.5999999,
          "scaleY": 0.5999999,
          "sizePercentX": 0.0833333358,
          "sizePercentY": 0.125,
          "sizeType": 0,
          "tag": 5,
          "touchAble": true,
          "useMergedTexture": false,
          "visible": true,
          "width": 523,
          "x": 210,
          "y": 556,
          "capInsetsHeight": 0,
          "capInsetsWidth": 0,
          "capInsetsX": 0,
          "capInsetsY": 0,
          "fileName": null,
          "fileNameData": {
            "path": "图片1.png",
            "plistFile": null,
            "resourceType": 0
          },
          "scale9Enable": false,
          "scale9Height": 106,
          "scale9Width": 523
        }
      },
      {
        "classname": "ImageView",
        "name": null,
        "children": [
          {
            "classname": "ImageView",
            "name": null,
            "children": [],
            "options": {
              "__type": "ComGUIImageViewSurrogate:#EditorCommon.JsonModel.Component.GUI",
              "classname": "ImageView",
              "name": "blood_bar2",
              "ZOrder": 1,
              "actiontag": 31,
              "anchorPointX": 0.5,
              "anchorPointY": 0.5,
              "classType": null,
              "colorB": 255,
              "colorG": 255,
              "colorR": 255,
              "flipX": false,
              "flipY": false,
              "height": 29,
              "ignoreSize": true,
              "layoutParameter": null,
              "opacity": 255,
              "positionPercentX": -0.09751434,
              "positionPercentY": 0.1588785,
              "positionType": 0,
              "rotation": 0,
              "scaleX": 1,
              "scaleY": 1,
              "sizePercentX": 0.152963668,
              "sizePercentY": 0.747663558,
              "sizeType": 0,
              "tag": 11,
              "touchAble": true,
              "useMergedTexture": false,
              "visible": true,
              "width": 404,
              "x": -51,
              "y": 17,
              "capInsetsHeight": 0,
              "capInsetsWidth": 0,
              "capInsetsX": 0,
              "capInsetsY": 0,
              "fileName": null,
              "fileNameData": {
                "path": "图片2-1.png",
                "plistFile": null,
                "resourceType": 0
              },
              "scale9Enable": false,
              "scale9Height": 29,
              "scale9Width": 404
            }
          },
          {
            "classname": "ImageView",
            "name": null,
            "children": [],
            "options": {
              "__type": "ComGUIImageViewSurrogate:#EditorCommon.JsonModel.Component.GUI",
              "classname": "ImageView",
              "name": "energy_bar2",
              "ZOrder": 2,
              "actiontag": 32,
              "anchorPointX": 0.5,
              "anchorPointY": 0.5,
              "classType": null,
              "colorB": 255,
              "colorG": 255,
              "colorR": 255,
              "flipX": false,
              "flipY": false,
              "height": 30,
              "ignoreSize": true,
              "layoutParameter": null,
              "opacity": 255,
              "positionPercentX": 0.0248565972,
              "positionPercentY": -0.1682243,
              "positionType": 0,
              "rotation": 0,
              "scaleX": 1,
              "scaleY": 1,
              "sizePercentX": 0.152963668,
              "sizePercentY": 0.747663558,
              "sizeType": 0,
              "tag": 12,
              "touchAble": true,
              "useMergedTexture": false,
              "visible": true,
              "width": 281,
              "x": 13,
              "y": -18,
              "capInsetsHeight": 0,
              "capInsetsWidth": 0,
              "capInsetsX": 0,
              "capInsetsY": 0,
              "fileName": null,
              "fileNameData": {
                "path": "图片2-2.png",
                "plistFile": null,
                "resourceType": 0
              },
              "scale9Enable": false,
              "scale9Height": 30,
              "scale9Width": 281
            }
          },
          {
            "classname": "ImageView",
            "name": null,
            "children": [],
            "options": {
              "__type": "ComGUIImageViewSurrogate:#EditorCommon.JsonModel.Component.GUI",
              "classname": "ImageView",
              "name": "energy_max2",
              "ZOrder": 2,
              "actiontag": 36,
              "anchorPointX": 0.5,
              "anchorPointY": 0.5,
              "classType": null,
              "colorB": 255,
              "colorG": 255,
              "colorR": 255,
              "flipX": false,
              "flipY": false,
              "height": 81,
              "ignoreSize": true,
              "layoutParameter": null,
              "opacity": 255,
              "positionPercentX": 0.0191204585,
              "positionPercentY": -0.196261689,
              "positionType": 0,
              "rotation": 0,
              "scaleX": 1,
              "scaleY": 0.95,
              "sizePercentX": 0.152963668,
              "sizePercentY": 0.747663558,
              "sizeType": 0,
              "tag": 16,
              "touchAble": true,
              "useMergedTexture": false,
              "visible": true,
              "width": 286,
              "x": 10,
              "y": -21,
              "capInsetsHeight": 0,
              "capInsetsWidth": 0,
              "capInsetsX": 0,
              "capInsetsY": 0,
              "fileName": null,
              "fileNameData": {
                "path": "图片2-3.png",
                "plistFile": null,
                "resourceType": 0
              },
              "scale9Enable": false,
              "scale9Height": 81,
              "scale9Width": 286
            }
          },
          {
            "classname": "ImageView",
            "name": null,
            "children": [],
            "options": {
              "__type": "ComGUIImageViewSurrogate:#EditorCommon.JsonModel.Component.GUI",
              "classname": "ImageView",
              "name": "head_2",
              "ZOrder": 2,
              "actiontag": 40,
              "anchorPointX": 0.5,
              "anchorPointY": 0.5,
              "classType": null,
              "colorB": 255,
              "colorG": 255,
              "colorR": 255,
              "flipX": false,
              "flipY": false,
              "height": 106,
              "ignoreSize": true,
              "layoutParameter": null,
              "opacity": 255,
              "positionPercentX": 0.380497128,
              "positionPercentY": 0,
              "positionType": 0,
              "rotation": 0,
              "scaleX": 0.92,
              "scaleY": 0.9,
              "sizePercentX": 0.152963668,
              "sizePercentY": 0.747663558,
              "sizeType": 0,
              "tag": 12,
              "touchAble": true,
              "useMergedTexture": false,
              "visible": true,
              "width": 123,
              "x": 199,
              "y": 0,
              "capInsetsHeight": 0,
              "capInsetsWidth": 0,
              "capInsetsX": 0,
              "capInsetsY": 0,
              "fileName": null,
              "fileNameData": {
                "path": "head2.png",
                "plistFile": null,
                "resourceType": 0
              },
              "scale9Enable": false,
              "scale9Height": 106,
              "scale9Width": 123
            }
          }
        ],
        "options": {
          "__type": "ComGUIImageViewSurrogate:#EditorCommon.JsonModel.Component.GUI",
          "classname": "ImageView",
          "name": "ImageView_empty_bar2",
          "ZOrder": 2,
          "actiontag": 30,
          "anchorPointX": 0.5,
          "anchorPointY": 0.5,
          "classType": null,
          "colorB": 255,
          "colorG": 255,
          "colorR": 255,
          "flipX": false,
          "flipY": false,
          "height": 107,
          "ignoreSize": true,
          "layoutParameter": null,
          "opacity": 255,
          "positionPercentX": 0.78125,
          "positionPercentY": 0.86875,
          "positionType": 0,
          "rotation": 0,
          "scaleX": 0.6,
          "scaleY": 0.6,
          "sizePercentX": 0.0833333358,
          "sizePercentY": 0.125,
          "sizeType": 0,
          "tag": 10,
          "touchAble": true,
          "useMergedTexture": false,
          "visible": true,
          "width": 523,
          "x": 750,
          "y": 556,
          "capInsetsHeight": 0,
          "capInsetsWidth": 0,
          "capInsetsX": 0,
          "capInsetsY": 0,
          "fileName": null,
          "fileNameData": {
            "path": "图片2.png",
            "plistFile": null,
            "resourceType": 0
          },
          "scale9Enable": false,
          "scale9Height": 107,
          "scale9Width": 523
        }
      },
      {
        "classname": "Button",
        "name": null,
        "children": [],
        "options": {
          "__type": "ComGUIButtonSurrogate:#EditorCommon.JsonModel.Component.GUI",
          "classname": "Button",
          "name": "return",
          "ZOrder": 2,
          "actiontag": 46,
          "anchorPointX": 0.5,
          "anchorPointY": 0.5,
          "classType": null,
          "colorB": 255,
          "colorG": 255,
          "colorR": 255,
          "flipX": false,
          "flipY": false,
          "height": 650,
          "ignoreSize": true,
          "layoutParameter": null,
          "opacity": 255,
          "positionPercentX": 0.8455856,
          "positionPercentY": -0.0522880778,
          "positionType": 0,
          "rotation": 0,
          "scaleX": 0.07,
          "scaleY": 0.07,
          "sizePercentX": 0.107291669,
          "sizePercentY": 0.0625,
          "sizeType": 0,
          "tag": 13,
          "touchAble": true,
          "useMergedTexture": false,
          "visible": true,
          "width": 650,
          "x": 811,
          "y": -33,
          "capInsetsHeight": 0,
          "capInsetsWidth": 0,
          "capInsetsX": 0,
          "capInsetsY": 0,
          "disabled": null,
          "disabledData": {
            "path": null,
            "plistFile": null,
            "resourceType": 0
          },
          "fontName": "微软雅黑",
          "fontSize": 14,
          "fontType": 0,
          "normal": null,
          "normalData": {
            "path": "return.png",
            "plistFile": null,
            "resourceType": 0
          },
          "pressed": null,
          "pressedData": {
            "path": "return_down.png",
            "plistFile": null,
            "resourceType": 0
          },
          "scale9Enable": false,
          "scale9Height": 650,
          "scale9Width": 650,
          "text": "Text Button",
          "textColorB": 255,
          "textColorG": 255,
          "textColorR": 255
        }
      },
      {
        "classname": "Button",
        "name": null,
        "children": [],
        "options": {
          "__type": "ComGUIButtonSurrogate:#EditorCommon.JsonModel.Component.GUI",
          "classname": "Button",
          "name": "pause",
          "ZOrder": 2,
          "actiontag": 48,
          "anchorPointX": 0.5,
          "anchorPointY": 0.5,
          "classType": null,
          "colorB": 255,
          "colorG": 255,
          "colorR": 255,
          "flipX": false,
          "flipY": false,
          "height": 512,
          "ignoreSize": true,
          "layoutParameter": null,
          "opacity": 255,
          "positionPercentX": 0.890517056,
          "positionPercentY": -0.0528656431,
          "positionType": 0,
          "rotation": 0,
          "scaleX": 0.11,
          "scaleY": 0.11,
          "sizePercentX": 0.107291669,
          "sizePercentY": 0.0625,
          "sizeType": 0,
          "tag": 14,
          "touchAble": true,
          "useMergedTexture": false,
          "visible": true,
          "width": 512,
          "x": 854,
          "y": -33,
          "capInsetsHeight": 0,
          "capInsetsWidth": 0,
          "capInsetsX": 0,
          "capInsetsY": 0,
          "disabled": null,
          "disabledData": {
            "path": null,
            "plistFile": null,
            "resourceType": 0
          },
          "fontName": "微软雅黑",
          "fontSize": 14,
          "fontType": 0,
          "normal": null,
          "normalData": {
            "path": "pause.png",
            "plistFile": null,
            "resourceType": 0
          },
          "pressed": null,
          "pressedData": {
            "path": "pause_down.png",
            "plistFile": null,
            "resourceType": 0
          },
          "scale9Enable": false,
          "scale9Height": 512,
          "scale9Width": 512,
          "text": "Text Button",
          "textColorB": 255,
          "textColorG": 255,
          "textColorR": 255
        }
      },
      {
        "classname": "Button",
        "name": null,
        "children": [],
        "options": {
          "__type": "ComGUIButtonSurrogate:#EditorCommon.JsonModel.Component.GUI",
          "classname": "Button",
          "name": "close",
          "ZOrder": 2,
          "actiontag": 49,
          "anchorPointX": 0.5,
          "anchorPointY": 0.5,
          "classType": null,
          "colorB": 255,
          "colorG": 255,
          "colorR": 255,
          "flipX": false,
          "flipY": false,
          "height": 512,
          "ignoreSize": true,
          "layoutParameter": null,
          "opacity": 255,
          "positionPercentX": 0.95732975,
          "positionPercentY": -0.0521308258,
          "positionType": 0,
          "rotation": 0,
          "scaleX": 0.13,
          "scaleY": 0.13,
          "sizePercentX": 0.107291669,
          "sizePercentY": 0.0625,
          "sizeType": 0,
          "tag": 15,
          "touchAble": true,
          "useMergedTexture": false,
          "visible": true,
          "width": 512,
          "x": 919,
          "y": -33,
          "capInsetsHeight": 0,
          "capInsetsWidth": 0,
          "capInsetsX": 0,
          "capInsetsY": 0,
          "disabled": null,
          "disabledData": {
            "path": null,
            "plistFile": null,
            "resourceType": 0
          },
          "fontName": "微软雅黑",
          "fontSize": 14,
          "fontType": 0,
          "normal": null,
          "normalData": {
            "path": "close.png",
            "plistFile": null,
            "resourceType": 0
          },
          "pressed": null,
          "pressedData": {
            "path": "close_down.png",
            "plistFile": null,
            "resourceType": 0
          },
          "scale9Enable": false,
          "scale9Height": 512,
          "scale9Width": 512,
          "text": "Text Button",
          "textColorB": 255,
          "textColorG": 255,
          "textColorR": 255
        }
      }
    ],
    "options": {
      "__type": "ComGUIPanelSurrogate:#EditorCommon.JsonModel.Component.GUI",
      "classname": "Panel",
      "name": "Panel_20",
      "ZOrder": 0,
      "actiontag": -1,
      "anchorPointX": 0,
      "anchorPointY": 0,
      "classType": null,
      "colorB": 255,
      "colorG": 255,
      "colorR": 255,
      "flipX": false,
      "flipY": false,
      "height": 640,
      "ignoreSize": false,
      "layoutParameter": null,
      "opacity": 255,
      "positionPercentX": 0,
      "positionPercentY": 0,
      "positionType": 0,
      "rotation": 0,
      "scaleX": 1,
      "scaleY": 1,
      "sizePercentX": 1,
      "sizePercentY": 1,
      "sizeType": 0,
      "tag": 1,
      "touchAble": true,
      "useMergedTexture": false,
      "visible": true,
      "width": 960,
      "x": 0,
      "y": 0,
      "backGroundImage": null,
      "backGroundImageData": null,
      "backGroundScale9Enable": false,
      "bgColorB": 255,
      "bgColorG": 200,
      "bgColorOpacity": 0,
      "bgColorR": 150,
      "bgEndColorB": 255,
      "bgEndColorG": 200,
      "bgEndColorR": 150,
      "bgStartColorB": 255,
      "bgStartColorG": 255,
      "bgStartColorR": 255,
      "capInsetsHeight": 0,
      "capInsetsWidth": 0,
      "capInsetsX": 0,
      "capInsetsY": 0,
      "clipAble": false,
      "colorType": 1,
      "layoutType": 0,
      "vectorX": 0,
      "vectorY": -0.5
    }
  }
}